{"1Mo4aZ8pdj6L1jx8zSwJnt": [], "7MNrrItJpom6uMJWdT0XD8": [], "4YQ8O3PQb7cZnnLeqNPaa1": [], "4MGpOqMU3FlZ7li35laoBu": [], "0sJhrYC1988r2NNxsmzk3V": [], "5nabWI5Yf9uYtDS79CXVHu": [], "7hf5xjz74wwX1wS76DU2Ik": [], "2fDJNwprKYSK4ovmRzcoe4": [], "2Cqf3izEp75CqTKgul5Mi1": [], "2HLdCDKtyV4VxHLYk5xvAS": [], "51JYG8XPpVVVA7uQTnm4tI": [], "1KkyOpscmbPAQzLNZDyI6o": [], "59BxJKNg7wRYlJxAahb3YW": [], "1qJghQpnRM2sRbhX3lWXHz": [], "0VZCWi3C9oARyCsoZKCMhg": [], "34GevB4U1WHwDcm7kQmANH": [], "2LsEbodgqI6P1q7QEVe3P7": [], "2GamOIjCp5gNSw7n4RKLZt": [], "33oGkitXxjRXWQwCx00jDb": [], "2We3SA07PIDpZQmWvTm7CM": [], "2e3Khs3vVusg6i0Ly2wni9": [], "7iRrjlIP9COrhuNaX65WZb": [], "6fFP8CR3WRLZxwnrvBfGTh": [], "7ChVqPO3roVcHSLi32PnIK": [], "6s144Vjf21zEdbZpySRE82": [], "6I4MP7YoLlBWfiQCqjJc4d": [], "3ey0JVQZp7VBFWHEs7z6X1": [], "3l1waWo8qk4IVtyuzKD4bx": [], "1X1uDkDDs2BQiKlghA0gVQ": [], "5rNHpyAfV4fdowwcH1U1if": [], "48RK0tOaRdgmliEhNBLUXe": [], "3QuRvvoQDqZybOukNzNu3V": [], "76AAYzJLL9rJHfOkPNAeB9": [], "5O4v55zC7ya6mxjiQ2xJRU": [], "1kfbsMBtTpCrrXqUnBYjjH": [], "5YoeeJL0Ks1sYbc79jOBO7": [], "3yscJ56s1RNgZSZngqDBNa": [], "3uhGsFAXshXmRs9qLiYqGz": [], "204AnaLrCMvOeXCCO5JqH1": [], "3dSpkvGKm8sUghxdS1pvwE": [], "5VJTZMk9joIX2t80S9e6ov": [], "4ZfTvGloipTYCjdwdO93nX": [], "6URXDFFdBVEQUA7eCLfHVo": [], "3bSNhnaQQXpC639OQ4pMyP": [], "68mwSgiHv3JF9nrw9feMrt": [], "5quMTd5zeI9yW5UDua8wS4": [], "2H6k8joKIeY5mLZVPyPVfu": [], "4lHX02NbEG7B7f7LHfcAUg": [], "4EYRBdtOIR0fkTzVXN6bvI": [], "3q149oaxOiW9EoHXqM5nvO": [], "5WTsC6KDdxp9xVQrAMIU6c": [], "5BEgYBYUzfvGoU1uLHvGRA": [], "5QaKu3YoUJNglyaKixaegf": [], "3wOG84RkmoSoeN3LKkxXga": [], "4JI3u1wRGAu5H4CB5NFyBS": [], "4QaEAly7ki3AQdC8jZZC2i": [], "6ZnRegEJuZRhLGrOKh0Y7n": [], "2obv9kAuyDBzo5jTwAOHob": [], "6WWmYtlj6smtLFnfUf0Xny": [], "5YnyS9JNsqhkaBPIWOYtXk": [], "0BAJwAHBOc08RczC0TMb7l": [], "1IVFS4seiBjdVOKd2Fyu2Y": [], "6Y1Wf6l68FYPbUd4WC3DnE": [], "1vMVDUsMWaD5eB4oahCboP": [], "1xyqxAgu1JMOQe9AdRTNSl": [], "35O9rSmb63xn6dvFNFvNbK": [], "7aIsJRcf04ZeFiU1Fa70Cq": [], "2NwE6uGGwiaT5gyBbAszd5": [], "0FRicF4BU62Z0OUMZw9l8U": [], "5onhEG8O3aKdg9b4lIdkNz": [], "7GIDFaGcsp2vHztfBbY5RI": [], "2HLqoccnVNqOfm7gpN1Svo": [], "6PnYbnEhMBdIg53mTpN55z": [], "3HPIOCWtwZIaRsf3EnOdIC": [], "5xnwFUWAv18LZOUhAKkpGm": [], "1iv2nD5tn753NFkDY79Tb7": [], "0I3LNftLmxI702wknVkcfg": [], "7kHjcTey5ZAewZLWtuCqzK": [], "6lzLiRiEqZHySJVfbv86i0": [], "3uNdSCudRJ4aagWtWh839E": [], "083gC3RjOGmxjHN3OX4UmP": [], "0Rl9omLw3rdkK7OiSnHGAG": [], "7tM3cKpt6DrUg1OW4B4BSf": [], "57wh3BpvUF2tmvwoGSjUe3": [], "168CdR21lfn0TTyw1Pkdcm": [], "1W04wu2W4OIcuiNc5AMB3y": [], "2IUoE0jqkViW6gGfqLcjG2": [], "0frVQ5nctt6zS9ZR1g5HMX": [], "0SW0LplxFID1otCk4bhhHI": [], "30fIbIvd1AN04FrBt12KhM": [], "7kzmadmAbWRPtLbpQveynY": [], "6l3Qxnvv49CGolilrSvsd3": [], "4p78uCfiL8gmt2AKrlWATG": [], "062urW4KS66GPlEHIueefz": [], "39gMxRpFKgIVvw3krIIam5": [], "1yjQhgZzBmfdS0CTj6xQ2h": [], "1uZrgmt2depCIzzN0FxfIv": [], "7A8rw0lgipeVikEBtqNAgt": [], "5HkRQub6vVhqIFDOKEFVZO": [], "4jLAzkokPOXLjGMLaLhryc": []}